epoch,episode,mean_loss,epsilon
1,0,0.00012659505433,0.9982558
1,0,0.000236585627223,0.9964171
1,0,0.00027052835665,0.9945802
1,0,0.000280299337521,0.9927469
1,0,0.000319942709591,0.9909136
1,0,0.000318232396715,0.9890776
1,0,0.000319104984964,0.9872452
1,0,0.000272343959966,0.9854092
1,0,0.000331037096317,0.983575900001
1,0,0.00033284415419,0.981742600001
1,0,0.000415733556834,0.979903000001
1,0,0.000355606272672,0.978064300001
1,0,0.0003098281636,0.976222900001
1,0,0.000283401838786,0.974389600001
1,0,0.000318495142367,0.972557200001
1,0,0.000359938538859,0.970723900001
1,0,0.000340919239063,0.968882500001
1,0,0.000268852962263,0.967044700001
1,0,0.000255137274092,0.965210500001
1,0,0.000278993764652,0.963375400001
1,0,0.00029403903959,0.961539400001
1,0,0.000317087986474,0.959698000001
1,0,0.000308976463721,0.957861100001
1,0,0.000313670112471,0.956025100001
1,0,0.000383491631193,0.955117000001
2,4,0.000253936369448,0.953277400002
2,4,0.000253197587762,0.951439600002
2,4,0.000320330943924,0.949604500002
2,4,0.000244812129302,0.947765800002
2,4,0.000309063831931,0.945931600002
2,4,0.000298459060229,0.944091100002
2,4,0.000234903126667,0.942255100002
2,4,0.000358409325035,0.940421800002
2,4,0.000279897925941,0.938584000002
2,4,0.000333211473322,0.936742600002
2,4,0.000283148889312,0.934905700002
2,4,0.000310907874749,0.933073300002
2,4,0.000256664599462,0.931235500002
2,4,0.000385909365295,0.929399500002
2,4,0.000355841600766,0.927559900002
2,4,0.000241818372368,0.925724800002
2,4,0.000300343557107,0.923890600003
2,4,0.000271144351724,0.922055500003
2,4,0.000236690135186,0.920218600003
2,4,0.000327978772453,0.918379000003
2,4,0.000308924254846,0.916546600003
2,4,0.000372664983849,0.914714200003
2,4,0.00019050019548,0.912881800003
2,4,0.000399013854253,0.911045800003
2,4,0.00025430330366,0.910139500003
3,4,0.000240393115934,0.908300800003
3,4,0.000208342187303,0.906462100003
3,4,0.000232378890729,0.904622500003
3,4,0.000246011703683,0.902782000003
3,4,0.000215969203685,0.900942400003
3,4,0.000223774974164,0.899103700003
3,4,0.000308266157577,0.897266800003
3,4,0.000288314975095,0.895429900003
3,4,0.000261530527637,0.893593900004
3,4,0.000259539515235,0.891752500004
3,4,0.000285348988136,0.889914700004
3,4,0.000330740002154,0.888079600004
3,4,0.000387156642898,0.886244500004
3,4,0.000278768415124,0.884411200004
3,4,0.000362502918897,0.882575200004
3,4,0.000330877953265,0.880737400004
3,4,0.0004276235658,0.878896900004
3,4,0.000222869996493,0.877063600004
3,4,0.000194991396939,0.875223100004
3,4,0.000230530847905,0.873386200004
3,4,0.000304825166841,0.871552000004
3,4,0.000205468270849,0.869717800004
3,4,0.000301196016349,0.867879100004
3,4,0.000348289682632,0.866044900004
3,4,0.000278349464631,0.865162000004
4,4,0.000235615695692,0.863323300004
4,4,0.000207031024953,0.861490900005
4,4,0.000243717159354,0.859652200005
4,4,0.000216494047947,0.857818900005
4,4,0.000265418222841,0.855983800005
4,4,0.000309629135183,0.854148700005
4,4,0.000195124600793,0.852316300005
4,4,0.000335250310183,0.850476700005
4,4,0.000259460768903,0.848637100005
4,4,0.000248709611689,0.846801100005
4,4,0.000226953141862,0.844961500005
4,4,0.000219014147062,0.843121000005
4,4,0.000208958294705,0.841285000005
4,4,0.000310110218122,0.839449000005
4,4,0.000264699490948,0.837615700005
4,4,0.000201040068179,0.835778800005
4,4,0.000252144104803,0.833940100005
4,4,0.000287697499209,0.832105900006
4,4,0.000202451931597,0.830273500006
4,4,0.000201168055624,0.828440200006
4,4,0.000470308470983,0.826605100006
4,4,0.000269884985965,0.824766400006
4,4,0.000216057025273,0.822933100006
4,4,0.00017841651146,0.821099800006
4,4,0.000203231025438,0.820184500006
5,4,0.000310839724549,0.818351200006
5,4,0.000205764457619,0.816509800006
5,4,0.000193805922761,0.814673800006
5,4,0.000196387087206,0.812833300006
5,4,0.000183555059413,0.810991900006
5,4,0.000190755945852,0.809155900006
5,4,0.000199047009216,0.807319000006
5,4,0.000195496520964,0.805481200006
5,4,0.000220162362869,0.803647900006
5,4,0.000178466570997,0.801811000007
5,4,0.00019366216749,0.799977700007
5,4,0.00019200272273,0.798142600007
5,4,0.000192359120665,0.796307500007
5,4,0.000200334784704,0.794474200007
5,4,0.000166102554608,0.792639100007
5,4,0.000164782618603,0.790805800007
5,4,0.000249451166264,0.788973400007
5,4,0.000188707441621,0.787134700007
5,4,0.000205038265216,0.785301400007
5,4,0.000179515378218,0.783467200007
5,4,0.000191664896111,0.781630300007
5,4,0.000173792020879,0.779795200007
5,4,0.000226231016019,0.777958300007
5,4,0.000201072128167,0.776125000007
5,4,0.000164950910231,0.775207000007
6,4,0.000262405367048,0.773366500007
6,4,0.000188090749761,0.771527800008
6,4,0.000149540228958,0.769688200008
6,4,0.000191332335113,0.767846800008
6,4,0.000185288866229,0.766012600008
6,4,0.000189559684292,0.764179300008
6,4,0.000167932688897,0.762342400008
6,4,0.000203105513539,0.760509100008
6,4,0.000191010339073,0.758676700008
6,4,0.000164504825352,0.756840700008
6,4,0.000187115361006,0.755000200008
6,4,0.000164517883049,0.753164200008
6,4,0.000172380199344,0.751329100008
6,4,0.000144991508013,0.749494900008
6,4,0.000194514815243,0.747654400008
6,4,0.000162063387248,0.745813900008
6,4,0.000174314975186,0.743973400008
6,4,0.000169795399928,0.742134700008
6,4,0.000179772070422,0.740295100009
6,4,0.000169297173928,0.738453700009
6,4,0.000175512438476,0.736615000009
6,4,0.000152672173479,0.734776300009
6,4,0.000164158382399,0.732936700009
6,4,0.000171690231586,0.731100700009
6,4,0.000144580452472,0.730229500009
7,4,0.000227724050874,0.728388100009
7,4,0.000184230989403,0.726548500009
7,4,0.000144618915927,0.724707100009
7,4,0.000187431338961,0.722870200009
7,4,0.0001456182061,0.721037800009
7,4,0.000185285063687,0.719198200009
7,4,0.000149149652973,0.717360400009
7,4,0.000138068946113,0.715523500009
7,4,0.000220930510759,0.713683900009
7,4,0.000401431374074,0.711847000009
7,4,0.000151803120669,0.71001190001
7,4,0.000241707463666,0.70817770001
7,4,0.00015712055788,0.70634350001
7,4,0.000152427590284,0.70450660001
7,4,0.000238919860656,0.70266880001
7,4,0.000153348924388,0.70083370001
7,4,0.000165503438671,0.69899590001
7,4,0.000145399716683,0.69715990001
7,4,0.000160717439934,0.69532660001
7,4,0.000135604520467,0.69348610001
7,4,0.00014103497924,0.69165010001
7,4,0.000319589750976,0.68981410001
7,4,0.00015109940454,0.68797360001
7,4,0.000151977308474,0.68613400001
7,4,0.000163754327776,0.68525200001
8,4,0.000156881330887,0.68341420001
8,4,0.000215421386339,0.68157820001
8,4,0.000146060659474,0.679742200011
8,4,0.00021821168876,0.677907100011
8,4,0.00022072244122,0.676067500011
8,4,0.000123705786463,0.674227900011
8,4,0.000229888562874,0.672387400011
8,4,0.000148004485848,0.670552300011
8,4,0.000288891955135,0.668714500011
8,4,0.000137824337666,0.666873100011
8,4,0.000139035909929,0.665033500011
8,4,0.000145718364435,0.663200200011
8,4,0.000147006285466,0.661361500011
8,4,0.000229461874033,0.659521900011
8,4,0.000440803694994,0.657685900011
8,4,0.000153873782178,0.655852600011
8,4,0.000139333928333,0.654015700011
8,4,0.000212981452104,0.652176100011
8,4,0.00022192113742,0.650341900012
8,4,0.000119379220291,0.648500500012
8,4,0.000127008828196,0.646660900012
8,4,0.000203629489165,0.644824900012
8,4,0.000212011192095,0.642989800012
8,4,0.000139632356092,0.641152000012
8,4,0.00012735826279,0.640274500012
9,4,0.000142206770394,0.638434000012
9,4,0.000212780776047,0.636592600012
9,4,0.000213838974944,0.634760200012
9,4,0.000214740259746,0.632925100012
9,4,0.000138721549149,0.631085500012
9,4,0.000135354923563,0.629245000012
9,4,0.00028876341482,0.627409900012
9,4,0.000128537720318,0.625571200012
9,4,0.000138422518816,0.623735200012
9,4,0.000219515884895,0.621898300012
9,4,0.000212987228324,0.620064100013
9,4,0.000217317893591,0.618228100013
9,4,0.000135274110966,0.616392100013
9,4,0.000209496718097,0.614558800013
9,4,0.000284030619872,0.612719200013
9,4,0.000134413494434,0.610878700013
9,4,0.000125106192546,0.609044500013
9,4,0.000289585078734,0.607204900013
9,4,0.000129516758034,0.605372500013
9,4,0.000199137167965,0.603533800013
9,4,0.000122069740609,0.601699600013
9,4,0.00010845203806,0.599863600013
9,4,0.000130198726181,0.598029400013
9,4,0.00020668301457,0.596191600013
9,4,0.00011659990111,0.595297000013
10,4,0.000133302950236,0.593464600013
10,4,0.000118221768531,0.591625000013
10,4,0.000201595515022,0.589784500014
10,4,0.000121865710198,0.587951200014
10,4,0.000270649760803,0.586109800014
10,4,0.000133054262025,0.584269300014
10,4,0.000132639634143,0.582436900014
10,4,0.000126904002791,0.580599100014
10,4,0.000128300028164,0.578765800014
10,4,0.000118983899579,0.576927100014
10,4,0.000114652263505,0.575085700014
10,4,0.000129294360467,0.573253300014
10,4,0.000107415999984,0.571412800014
10,4,0.000122818486211,0.569574100014
10,4,0.000108176191292,0.567738100014
10,4,0.000123925420567,0.565899400014
10,4,0.000199174604206,0.564058000014
10,4,0.000124395172174,0.562221100014
10,4,0.000117510794556,0.560388700014
10,4,0.000119893961251,0.558552700015
10,4,0.000118064561773,0.556712200015
10,4,0.000105600165439,0.554878000015
10,4,0.000118195738455,0.553042900015
10,4,0.000110022365096,0.551210500015
10,4,0.000100629447127,0.550319500015
11,4,0.000110354555397,0.548478100015
11,4,0.000189133240207,0.546637600015
11,4,0.000113437453965,0.544796200015
11,4,0.000118728219214,0.542958400015
11,4,0.000199094206105,0.541125100015
11,4,0.000122994682898,0.539287300015
11,4,0.000112319565316,0.537449500015
11,4,0.000110651245415,0.535610800015
11,4,0.000188922633136,0.533775700015
11,4,0.00011525192447,0.531935200015
11,4,0.000111075399407,0.530096500015
11,4,0.000191046330115,0.528261400016
11,4,0.000112783520613,0.526420000016
11,4,0.000108777055702,0.524584900016
11,4,0.000119457922608,0.522746200016
11,4,0.000107812728273,0.520904800016
11,4,0.000107417367981,0.519072400016
11,4,0.000116489083487,0.517234600016
11,4,0.000117766244387,0.515400400016
11,4,0.000191827517824,0.513560800016
11,4,0.000185266146531,0.511721200016
11,4,0.000123621487533,0.509881600016
11,4,0.00028615136766,0.508049200016
11,4,0.000185659499889,0.506207800016
11,4,0.000277738111308,0.505342000016
12,4,0.00011322983874,0.503508700016
12,4,0.000104031128651,0.501671800016
12,4,0.00019543058751,0.499830400016
12,4,0.000112854400477,0.497993500016
12,4,0.000108251381306,0.496157500016
12,4,0.000186728235752,0.494319700016
12,4,0.0001083589957,0.492481900016
12,4,0.000111006576082,0.490642300016
12,4,0.000114704860283,0.488807200016
12,4,0.000108921999777,0.486973000016
12,4,0.000186364588784,0.485139700016
12,4,0.00011707545881,0.483301000016
12,4,0.000106999801416,0.481465000016
12,4,0.000105867698771,0.479627200016
12,4,0.000107352898112,0.477787600016
12,4,0.000109046631817,0.475955200016
12,4,0.000259756024929,0.474121000016
12,4,0.000260440005581,0.472286800016
12,4,0.000110852039891,0.470454400016
12,4,9.85385305811e-05,0.468621100016
12,4,0.000108181735001,0.466786000016
12,4,0.000264849508721,0.464953600015
12,4,0.000193255710443,0.463121200015
12,4,0.000193599833651,0.461288800015
12,4,0.00028162609822,0.460364500015
13,4,0.000183141291484,0.458526700015
13,4,0.000103711410534,0.456685300015
13,4,0.000180973687014,0.454844800015
13,4,9.93313165813e-05,0.453006100015
13,4,0.000184549651799,0.451169200015
13,4,9.9088014071e-05,0.449334100015
13,4,0.000101844977994,0.447501700015
13,4,0.000101020428252,0.445663900015
13,4,0.000100943534901,0.443827900015
13,4,9.97196092977e-05,0.441990100015
13,4,0.000104294425178,0.440148700015
13,4,0.000188393948436,0.438312700015
13,4,0.00018074935679,0.436474000015
13,4,0.00018525915292,0.434640700015
13,4,0.000183212926096,0.432801100015
13,4,0.000105409336663,0.430959700014
13,4,0.000261341640863,0.429126400014
13,4,0.000105350707778,0.427292200014
13,4,0.000101575663756,0.425457100014
13,4,0.000105218062302,0.423624700014
13,4,0.000102079294687,0.421789600014
13,4,0.000175087011151,0.419950000014
13,4,9.98293093766e-05,0.418116700014
13,4,0.000106938961391,0.416283400014
13,4,9.23293241872e-05,0.415387000014
14,4,0.000100050372897,0.413549200014
14,4,0.000100872528041,0.411712300014
14,4,9.26307838734e-05,0.409879900014
14,4,0.000172625180108,0.408042100014
14,4,0.000102399643267,0.406202500014
14,4,9.66334812317e-05,0.404361100014
14,4,9.98043299473e-05,0.402525100014
14,4,0.000102207020487,0.400690900014
14,4,9.67558498535e-05,0.398853100014
14,4,9.88416714908e-05,0.397014400014
14,4,9.48079642416e-05,0.395176600013
14,4,9.50220482827e-05,0.393343300013
14,4,0.000181530533075,0.391501900013
14,4,0.000172369862037,0.389666800013
14,4,9.72808866666e-05,0.387827200013
14,4,9.92021928397e-05,0.385994800013
14,4,9.43193514535e-05,0.384156100013
14,4,0.000178786919441,0.382314700013
14,4,0.000101000178157,0.380478700013
14,4,9.93571504274e-05,0.378640900013
14,4,9.59443035509e-05,0.376806700013
14,4,0.000172962116489,0.374967100013
14,4,9.72706453347e-05,0.373131100013
14,4,9.88817068225e-05,0.371289700013
14,4,0.000103559153257,0.370409500013
15,4,9.49072641567e-05,0.368569900013
15,4,9.79968263516e-05,0.366735700013
15,4,9.57437607719e-05,0.364897900013
15,4,0.000100373396881,0.363057400013
15,4,9.12793091342e-05,0.361225000012
15,4,9.65648605944e-05,0.359387200012
15,4,9.31737449377e-05,0.357553900012
15,4,9.4478320598e-05,0.355720600012
15,4,9.62408861633e-05,0.353881900012
15,4,9.07738195036e-05,0.352048600012
15,4,9.60167859894e-05,0.350211700012
15,4,0.000173463010165,0.348378400012
15,4,9.59654971078e-05,0.346545100012
15,4,9.73368193339e-05,0.344708200012
15,4,9.15617699365e-05,0.342872200012
15,4,9.93336555986e-05,0.341037100012
15,4,9.06627702438e-05,0.339201100012
15,4,9.22085291319e-05,0.337362400012
15,4,9.58429861976e-05,0.335530000012
15,4,0.000172609659382,0.333697600012
15,4,0.000170136576352,0.331863400012
15,4,0.000250581058402,0.330023800012
15,4,9.648896008e-05,0.328190500012
15,4,9.20138113651e-05,0.326358100011
15,4,8.80824320001e-05,0.325432000011
16,4,9.16404101591e-05,0.323592400011
16,4,9.79076789468e-05,0.321751900011
16,4,9.52214591347e-05,0.319915900011
16,4,9.48011209614e-05,0.318081700011
16,4,9.13653741046e-05,0.316241200011
16,4,9.10555719629e-05,0.314407900011
16,4,9.16609000295e-05,0.312572800011
16,4,8.95850609321e-05,0.310737700011
16,4,0.00017147743464,0.308898100011
16,4,9.08283792852e-05,0.307057600011
16,4,0.000166098960313,0.305216200011
16,4,8.95915101271e-05,0.303382900011
16,4,9.38028934612e-05,0.301541500011
16,4,0.000171111815277,0.299704600011
16,4,0.00017746409594,0.297871300011
16,4,8.97745135476e-05,0.296032600011
16,4,9.42421294224e-05,0.294191200011
16,4,9.02076835086e-05,0.29235520001
16,4,9.00103736707e-05,0.29051380001
16,4,8.91223120328e-05,0.28868140001
16,4,0.00025347856072,0.28684540001
16,4,9.15474116967e-05,0.28501210001
16,4,9.50460960302e-05,0.28317160001
16,4,0.000169671109519,0.28133380001
16,4,8.51385221194e-05,0.28045450001
17,4,8.98388620804e-05,0.27861580001
17,4,9.18298984286e-05,0.27678340001
17,4,8.86421728979e-05,0.27494380001
17,4,9.09579724452e-05,0.27310690001
17,4,9.0432066567e-05,0.27127450001
17,4,8.82081440566e-05,0.26943580001
17,4,9.58351000119e-05,0.26759440001
17,4,8.65366115494e-05,0.26575750001
17,4,0.00016339926854,0.26392330001
17,4,8.64832130337e-05,0.26208460001
17,4,8.69962806717e-05,0.26025220001
17,4,8.52506491191e-05,0.25841980001
17,4,8.7936638648e-05,0.256584700009
17,4,8.90146955263e-05,0.254749600009
17,4,8.92902430308e-05,0.252915400009
17,4,8.3756380326e-05,0.251080300009
17,4,0.000247192340379,0.249241600009
17,4,8.7472402338e-05,0.247409200009
17,4,0.000169777791395,0.245568700009
17,4,0.000169507732446,0.243734500009
17,4,0.000164659004494,0.241894000009
17,4,0.000171666531216,0.240060700009
17,4,9.07936229694e-05,0.238225600009
17,4,0.000164287051643,0.236393200009
17,4,8.52915254652e-05,0.235477000009
18,4,9.25804358676e-05,0.233635600009
18,4,8.4028602004e-05,0.231797800009
18,4,8.64719257418e-05,0.229965400009
18,4,8.55564945889e-05,0.228125800009
18,4,8.59238934813e-05,0.226286200009
18,4,8.72603406248e-05,0.224449300009
18,4,8.63311780176e-05,0.222615100009
18,4,8.27857119758e-05,0.220775500009
18,4,8.70877372866e-05,0.218942200009
18,4,0.000164723128173,0.217108000009
18,4,0.000168882083096,0.215274700009
18,4,8.68516859306e-05,0.213438700009
18,4,8.50806113818e-05,0.211597300009
18,4,8.89176723941e-05,0.209763100009
18,4,0.000167929790074,0.207921700009
18,4,8.2805165602e-05,0.206083900009
18,4,8.66172976497e-05,0.204251500009
18,4,8.66421161037e-05,0.202416400009
18,4,8.75105620276e-05,0.200575000009
18,4,0.000163495252906,0.198739900009
18,4,8.99148936292e-05,0.196903000009
18,4,8.8883919711e-05,0.195066100009
18,4,8.43056213371e-05,0.193233700009
18,4,8.11534125909e-05,0.191400400009
18,4,0.000409559364571,0.190499500009
19,4,0.000167289285176,0.188659900009
19,4,8.63914371286e-05,0.186820300009
19,4,8.33766433621e-05,0.184985200009
19,4,8.48821699606e-05,0.183149200009
19,4,8.51901022358e-05,0.181315000009
19,4,8.16882107975e-05,0.179479000009
19,4,8.30863483146e-05,0.177637600009
19,4,0.000163458455972,0.175798000009
19,4,8.6813527301e-05,0.173964700009
19,4,8.83938687713e-05,0.172129600009
19,4,8.36534068188e-05,0.170296300009
19,4,8.38462990869e-05,0.168463900009
19,4,0.000239320558212,0.166628800009
19,4,0.000166466580915,0.164788300009
19,4,8.32021424051e-05,0.162946900009
19,4,0.000160954653245,0.161111800009
19,4,8.46958824664e-05,0.159272200009
19,4,0.000241852414457,0.157437100009
19,4,0.000240187201906,0.155602000009
19,4,0.00016517653889,0.153768700009
19,4,0.000244298619531,0.151928200009
19,4,0.000242032307559,0.150087700009
19,4,8.17529849251e-05,0.148247200009
19,4,8.15042573901e-05,0.146413000009
19,4,8.65089933343e-05,0.145522000009
20,4,0.000242427003465,0.143686900009
20,4,8.67059349313e-05,0.141847300009
20,4,0.000160935791834,0.14000590001
20,4,8.11427372753e-05,0.13816810001
20,4,0.000162297444171,0.13633120001
20,4,0.000159884331179,0.13449880001
20,4,8.45814909413e-05,0.13266010001
20,4,8.14375258129e-05,0.13082410001
20,4,8.05556680023e-05,0.12898450001
20,4,0.000159197440906,0.12714490001
20,4,8.07695214045e-05,0.12530980001
20,4,8.36065960576e-05,0.12347020001
20,4,8.05351531542e-05,0.12163150001
20,4,7.95821528155e-05,0.11979370001
20,4,0.000159632379794,0.11795770001
20,4,8.08492585549e-05,0.11612350001
20,4,8.04038077303e-05,0.11428660001
20,4,8.29368902195e-05,0.11245060001
20,4,8.3381774631e-05,0.11061640001
20,4,7.88868344143e-05,0.10877680001
20,4,0.000158441667422,0.10693990001
20,4,8.09869790682e-05,0.10509940001
20,4,0.000323123989461,0.10326700001
20,4,0.000242473266784,0.10143010001
20,4,7.88937193357e-05,0.10054450001
21,4,0.000161863099687,0.1
21,4,0.000158928372298,0.1
21,4,7.99376145695e-05,0.1
21,4,8.40812147188e-05,0.1
21,4,0.000158456850829,0.1
21,4,0.000160282222616,0.1
21,4,0.000161797114051,0.1
21,4,0.000162437852725,0.1
21,4,7.9475284907e-05,0.1
21,4,0.000238237839293,0.1
21,4,7.99514481049e-05,0.1
21,4,0.000160406110603,0.1
21,4,0.00015782348238,0.1
21,4,8.12047163172e-05,0.1
21,4,7.88698008986e-05,0.1
21,4,0.000229028995347,0.1
21,4,0.000203247188468,0.1
21,4,0.000139359874607,0.1
21,4,0.000218576762705,0.1
21,4,0.000309874961909,0.1
21,4,0.000144298272254,0.1
21,4,0.000141537311077,0.1
21,4,0.000134023131982,0.1
21,4,0.000184525452984,0.1
21,4,0.000134194363965,0.1
22,4,0.000108967557422,0.1
22,4,0.000202822958432,0.1
22,4,0.000115653724716,0.1
22,4,0.000192630028135,0.1
22,4,0.000109796874107,0.1
22,4,0.000198238665777,0.1
22,4,0.000125923719671,0.1
22,4,0.000198597741398,0.1
22,4,0.000116483730423,0.1
22,4,0.000213225678773,0.1
22,4,0.000114198980458,0.1
22,4,0.000211581150798,0.1
22,4,0.000123253478547,0.1
22,4,0.000120981201658,0.1
22,4,0.000122173249598,0.1
22,4,0.000196454218175,0.1
22,4,0.000283328265471,0.1
22,4,0.00018290138352,0.1
22,4,0.00010469154486,0.1
22,4,0.000201222698838,0.1
22,4,0.000118104333476,0.1
22,4,0.000110303675932,0.1
22,4,0.000271911053046,0.1
22,4,0.000196096425213,0.1
22,4,0.000113286557927,0.1
23,4,0.000193461122366,0.1
23,4,0.000112964714742,0.1
23,4,0.000185588182521,0.1
23,4,0.000202587521159,0.1
23,4,0.000191367817467,0.1
23,4,0.000125973258183,0.1
23,4,0.000188663420935,0.1
23,4,9.66418535068e-05,0.1
23,4,0.000184025998892,0.1
23,4,0.000186739428061,0.1
23,4,0.000263584677679,0.1
23,4,0.000194323438145,0.1
23,4,0.000181534332172,0.1
23,4,0.000115205398684,0.1
23,4,0.00018844253637,0.1
23,4,0.000265120172479,0.1
23,4,0.000110889123311,0.1
23,4,0.000266261201201,0.1
23,4,0.000265508654894,0.1
23,4,0.000251833886771,0.1
23,4,0.000422990680788,0.1
23,4,0.000104897769032,0.1
23,4,0.000252019712018,0.1
23,4,0.000258938712336,0.1
23,4,0.000431036134247,0.1
24,4,0.000105234250027,0.1
24,4,0.000189773279292,0.1
24,4,0.000175218886554,0.1
24,4,0.000103738813018,0.1
24,4,0.00011000150766,0.1
24,4,0.000101129191647,0.1
24,4,0.000114652596421,0.1
24,4,0.000263982995849,0.1
24,4,0.000104135614757,0.1
24,4,0.000181357350126,0.1
24,4,0.000183865325235,0.1
24,4,0.000343124817218,0.1
24,4,0.000333198932907,0.1
24,4,0.000179907269456,0.1
24,4,0.000252641192415,0.1
24,4,0.000267789864011,0.1
24,4,0.00011185753242,0.1
24,4,0.000189530392772,0.1
24,4,0.000104753003431,0.1
24,4,0.000198538917418,0.1
24,4,0.000182152757818,0.1
24,4,0.000339715957709,0.1
24,4,0.000186563745949,0.1
24,4,0.000267866240328,0.1
24,4,9.21363495419e-05,0.1
25,4,8.82773973223e-05,0.1
25,4,0.000179524106645,0.1
25,4,0.000177490955279,0.1
25,4,0.000246602711498,0.1
25,4,0.000180045685748,0.1
25,4,0.000258421515536,0.1
25,4,0.000173479773174,0.1
25,4,0.000102381893249,0.1
25,4,9.57063062691e-05,0.1
25,4,0.000255193844106,0.1
25,4,0.000341889247232,0.1
25,4,0.000244567967887,0.1
25,4,0.000101803691574,0.1
25,4,0.000178564511934,0.1
25,4,0.000173366809829,0.1
25,4,0.000105628323641,0.1
25,4,0.000260854137806,0.1
25,4,0.00017455824066,0.1
25,4,9.25371518863e-05,0.1
25,4,0.000327380809266,0.1
25,4,0.00017287018693,0.1
25,4,9.42170178457e-05,0.1
25,4,0.000251800674229,0.1
25,4,9.64600665004e-05,0.1
25,4,8.91880449657e-05,0.1
26,4,0.00040814645811,0.1
26,4,0.000171946338818,0.1
26,4,0.000172868567418,0.1
26,4,0.000411171737092,0.1
26,4,0.000174096985484,0.1
26,4,9.14512718516e-05,0.1
26,4,0.000165376447653,0.1
26,4,0.000166960959627,0.1
26,4,0.000254152561801,0.1
26,4,0.000247810478039,0.1
26,4,0.000256249360766,0.1
26,4,9.20647634424e-05,0.1
26,4,8.79895305565e-05,0.1
26,4,0.000242608146482,0.1
26,4,0.000327486059351,0.1
26,4,0.000407214342821,0.1
26,4,0.000325549303414,0.1
26,4,8.61910040187e-05,0.1
26,4,8.77517523364e-05,0.1
26,4,0.000168777610098,0.1
26,4,0.000163085909676,0.1
26,4,0.000248036164938,0.1
26,4,8.18794673243e-05,0.1
26,4,0.000163168638495,0.1
26,4,0.000261119035748,0.1
27,4,8.97228957619e-05,0.1
27,4,0.000172064365103,0.1
27,4,8.94819712566e-05,0.1
27,4,0.000241710218506,0.1
27,4,0.000403650200708,0.1
27,4,0.000317406914292,0.1
27,4,0.000319675107461,0.1
27,4,0.000477211202507,0.1
27,4,0.000244234689937,0.1
27,4,0.000319785590522,0.1
27,4,0.000238947156767,0.1
27,4,0.000241459081045,0.1
27,4,0.000163116114374,0.1
27,4,8.41172462651e-05,0.1
27,4,8.72764396595e-05,0.1
27,4,0.000160430602953,0.1
27,4,7.70195075067e-05,0.1
27,4,0.000318809585854,0.1
27,4,0.000163619200841,0.1
27,4,0.000165270857702,0.1
27,4,0.000237998311289,0.1
27,4,0.00039638189441,0.1
27,4,0.00031995504866,0.1
27,4,8.13333928267e-05,0.1
27,4,0.000250965560566,0.1
28,4,0.000157801613039,0.1
28,4,0.000238535994312,0.1
28,4,0.000397935681033,0.1
28,4,0.000316447108769,0.1
28,4,0.000161465573382,0.1
28,4,0.000158535250583,0.1
28,4,0.000394876875299,0.1
28,4,0.000242076552173,0.1
28,4,0.000238187360314,0.1
28,4,0.000235359853017,0.1
28,4,0.000237647897552,0.1
28,4,0.000158113684219,0.1
28,4,0.000314538648059,0.1
28,4,0.000397338001579,0.1
28,4,0.000546015934061,0.1
28,4,0.000236586506311,0.1
28,4,0.000663558836192,0.1
28,4,0.000264608943728,0.1
28,4,0.000353500367178,0.1
28,4,0.000356725852981,0.1
28,4,0.0001957843335,0.1
28,4,0.000505641877222,0.1
28,4,0.000649015523268,0.1
28,4,0.000105153637677,0.1
28,4,0.000251165977462,0.1
29,4,0.0005882570756,0.1
29,4,0.000180302123813,0.1
29,4,0.000734551708784,0.1
29,4,0.000424451845786,0.1
29,4,0.000270502441674,0.1
29,4,0.000497074106071,0.1
29,4,0.000346779182399,0.1
29,4,0.000507349444448,0.1
29,4,0.000116659157239,0.1
29,4,0.000191927067916,0.1
29,4,0.000426633071584,0.1
29,4,0.000516417760176,0.1
29,4,0.000414007400826,0.1
29,4,0.000358026982026,0.1
29,4,0.000419227464682,0.1
29,4,0.000500309091614,0.1
29,4,0.000101218210502,0.1
29,4,0.000576676582227,0.1
29,4,0.000580438134849,0.1
29,4,0.000260762566892,0.1
29,4,0.000354551526735,0.1
29,4,0.000194663644908,0.1
29,4,0.00065420560673,0.1
29,4,0.000416609462195,0.1
29,4,0.000582335687169,0.1
30,4,0.000416930460103,0.1
30,4,0.000497905307185,0.1
30,4,0.000641683193318,0.1
30,4,0.000736878585649,0.1
30,4,0.000500876453111,0.1
30,4,0.00034486877691,0.1
30,4,0.000807487115995,0.1
30,4,0.000641736809638,0.1
30,4,0.000410295367757,0.1
30,4,0.000571282710686,0.1
30,4,0.000569802788454,0.1
30,4,0.000342344236213,0.1
30,4,0.000645194952109,0.1
30,4,0.000720322774318,0.1
30,4,0.000643300850847,0.1
30,4,0.000956446703353,0.1
30,4,0.000888156903603,0.1
30,4,0.000820818741593,0.1
30,4,0.000346674300734,0.1
30,4,0.0011287036875,0.1
30,4,0.000825182663626,0.1
30,4,0.000810282232424,0.1
30,4,0.000582544935122,0.1
30,4,0.000500988154428,0.1
30,4,0.000435678012207,0.1
31,4,0.000640550422402,0.1
31,4,0.000889466582167,0.1
31,4,0.000732445668034,0.1
31,4,0.000806360761928,0.1
31,4,0.000500072043153,0.1
31,4,0.000559779020315,0.1
31,4,0.000891590422757,0.1
31,4,0.000177219118271,0.1
31,4,0.00076603776182,0.1
31,4,0.000713999740817,0.1
31,4,0.000726534389931,0.1
31,4,0.00119344107328,0.1
31,4,0.00124098844671,0.1
31,4,0.000814868809034,0.1
31,4,0.00104701816255,0.1
31,4,0.00151801945572,0.1
31,4,0.000808113542154,0.1
31,4,0.00158135571233,0.1
31,4,0.00118224332457,0.1
31,4,0.00112240130688,0.1
31,4,0.000898113039093,0.1
31,4,0.00091209109923,0.1
31,4,0.00099179755491,0.1
31,4,0.00114068415775,0.1
31,4,0.000971940067806,0.1
32,4,0.000990856724925,0.1
32,4,0.00122410451819,0.1
32,4,0.000664178964099,0.1
32,4,0.00146244460587,0.1
32,4,0.00136480983159,0.1
32,4,0.00168679790741,0.1
32,4,0.00149685156306,0.1
32,4,0.00145475488598,0.1
32,4,0.00130141505933,0.1
32,4,0.00128208006569,0.1
32,4,0.0013800022972,0.1
32,4,0.00114501271872,0.1
32,4,0.00236933769219,0.1
32,4,0.00153098367928,0.1
32,4,0.00144573787785,0.1
32,4,0.00174169872144,0.1
32,4,0.00126169481203,0.1
32,4,0.00166953691508,0.1
32,4,0.00204815707914,0.1
32,4,0.00135831110009,0.1
32,4,0.00111071540227,0.1
32,4,0.00191555963451,0.1
32,4,0.00211855860209,0.1
32,4,0.00247112488721,0.1
32,4,0.00139863704286,0.1
33,4,0.00166451492203,0.1
33,4,0.00166598922248,0.1
33,4,0.00182444395467,0.1
33,4,0.00250108881021,0.1
33,4,0.00212289104563,0.1
33,4,0.00220972645866,0.1
33,4,0.00265787614092,0.1
33,4,0.00266594582545,0.1
33,4,0.00209918167126,0.1
33,4,0.00293518171712,0.1
33,4,0.00300514993061,0.1
33,4,0.00287525102593,0.1
33,4,0.00258243210313,0.1
33,4,0.00244100178143,0.1
33,4,0.00437157694437,0.1
33,4,0.00283147532327,0.1
33,4,0.00266576922311,0.1
33,4,0.00273921119236,0.1
33,4,0.00359084771384,0.1
33,4,0.00339506019377,0.1
33,4,0.00368858373947,0.1
33,4,0.00359336038852,0.1
33,4,0.00321041964817,0.1
33,4,0.00392443225858,0.1
33,4,0.00400656358785,0.1
34,4,0.00382376157916,0.1
34,4,0.00467173992303,0.1
34,4,0.00409441028731,0.1
34,4,0.00495088637274,0.1
34,4,0.00336355090593,0.1
34,4,0.00483995533351,0.1
34,4,0.00468103998122,0.1
34,4,0.00415969168012,0.1
34,4,0.00465757336557,0.1
34,4,0.00444234178206,0.1
34,4,0.0037932970843,0.1
34,4,0.00494915116675,0.1
34,4,0.00468275632157,0.1
34,4,0.00562431953672,0.1
34,4,0.00613544756412,0.1
34,4,0.00538952316629,0.1
34,4,0.00590937237484,0.1
34,4,0.00704605198906,0.1
34,4,0.0077080916382,0.1
34,4,0.00600654174588,0.1
34,4,0.00623166997514,0.1
34,4,0.00600322151379,0.1
34,4,0.00670868822658,0.1
34,4,0.00571471803195,0.1
34,4,0.00527340169563,0.1
35,4,0.00635818689079,0.1
35,4,0.00601964774876,0.1
35,4,0.00587212132584,0.1
35,4,0.00667214303979,0.1
35,4,0.00659454660124,0.1
35,4,0.00611911124852,0.1
35,4,0.00718805028338,0.1
35,4,0.00736697143014,0.1
35,4,0.0071362800353,0.1
35,4,0.00788863638492,0.1
35,4,0.00764804074932,0.1
35,4,0.00597368641993,0.1
35,4,0.00701131050837,0.1
35,4,0.00715312553274,0.1
35,4,0.00802734122312,0.1
35,4,0.00795087971712,0.1
35,4,0.00899998431423,0.1
35,4,0.00743197940763,0.1
35,4,0.00688995492187,0.1
35,4,0.00755585539445,0.1
35,4,0.00938982624655,0.1
35,4,0.00820299923605,0.1
35,4,0.00892251042465,0.1
35,4,0.00963173594701,0.1
35,4,0.00844518695521,0.1
36,4,0.00921249011257,0.1
36,4,0.00945474191976,0.1
36,4,0.0090039640107,0.1
36,4,0.00792239865036,0.1
36,4,0.00926583856278,0.1
36,4,0.0100035991791,0.1
36,4,0.00782633891716,0.1
36,4,0.00912065279361,0.1
36,4,0.00840396325364,0.1
36,4,0.00915453206083,0.1
36,4,0.00860811733228,0.1
36,4,0.0100504271419,0.1
36,4,0.00903071108727,0.1
36,4,0.00882335796798,0.1
36,4,0.0107617716815,0.1
36,4,0.00970599943021,0.1
36,4,0.010546586699,0.1
36,4,0.010494398461,0.1
36,4,0.0101800812659,0.1
36,4,0.0108206626997,0.1
36,4,0.0095799673504,0.1
36,4,0.0109199954769,0.1
36,4,0.0120819082229,0.1
36,4,0.011859784453,0.1
36,4,0.0123026094176,0.1
37,4,0.0110236710126,0.1
37,4,0.0106669543314,0.1
37,4,0.0107520044158,0.1
37,4,0.0122859549631,0.1
37,4,0.0104704377828,0.1
37,4,0.00945801595373,0.1
37,4,0.0115090497286,0.1
37,4,0.0110499156507,0.1
37,4,0.0135274306152,0.1
37,4,0.0132001873587,0.1
37,4,0.0124146670312,0.1
37,4,0.0115409665049,0.1
37,4,0.0118423677851,0.1
37,4,0.011377192152,0.1
37,4,0.0142939697039,0.1
37,4,0.0111855344653,0.1
37,4,0.0127913273116,0.1
37,4,0.0140356924648,0.1
37,4,0.0144720666102,0.1
37,4,0.0122101528537,0.1
37,4,0.0135942214281,0.1
37,4,0.0138380088582,0.1
37,4,0.0141433717511,0.1
37,4,0.0110619823503,0.1
37,4,0.0125928999976,0.1
38,4,0.0130350671306,0.1
38,4,0.0120350930997,0.1
38,4,0.0151507733106,0.1
38,4,0.0133964556303,0.1
38,4,0.0132007308376,0.1
38,4,0.0147916541773,0.1
38,4,0.0135028653405,0.1
38,4,0.0139929841185,0.1
38,4,0.0148822208191,0.1
38,4,0.0157483484454,0.1
38,4,0.0148629390985,0.1
38,4,0.0145564895837,0.1
38,4,0.0140858550862,0.1
38,4,0.0150379020951,0.1
38,4,0.0145955397201,0.1
38,4,0.0154853457206,0.1
38,4,0.0166143825211,0.1
38,4,0.0163093926056,0.1
38,4,0.0152308727285,0.1
38,4,0.0173964621649,0.1
38,4,0.0151410109462,0.1
38,4,0.0173400261187,0.1
38,4,0.0144933308081,0.1
38,4,0.0166418530328,0.1
38,4,0.0146862954065,0.1
39,4,0.0149383128826,0.1
39,4,0.0177673400674,0.1
39,4,0.0165232892366,0.1
39,4,0.0167910039674,0.1
39,4,0.0168037449751,0.1
39,4,0.0168417600537,0.1
39,4,0.018014436773,0.1
39,4,0.0184106233536,0.1
39,4,0.0183682918794,0.1
39,4,0.0189514702668,0.1
39,4,0.0172096204362,0.1
39,4,0.018235941482,0.1
39,4,0.0185969610828,0.1
39,4,0.0177043939466,0.1
39,4,0.0198102533073,0.1
39,4,0.0193165265391,0.1
39,4,0.0189651040289,0.1
39,4,0.0203851716711,0.1
39,4,0.0191153817675,0.1
39,4,0.0195411394532,0.1
39,4,0.0205667605458,0.1
39,4,0.0206582369105,0.1
39,4,0.0200531111896,0.1
39,4,0.0216510242485,0.1
39,4,0.0209594919243,0.1
40,4,0.0207706929885,0.1
40,4,0.020711587314,0.1
40,4,0.0211492516892,0.1
40,4,0.0221600353291,0.1
40,4,0.0207781607755,0.1
40,4,0.022174027141,0.1
40,4,0.0236352178461,0.1
40,4,0.0224052562609,0.1
40,4,0.0228618858415,0.1
40,4,0.0239744254188,0.1
40,4,0.0248168362351,0.1
40,4,0.0262462149347,0.1
40,4,0.0289547452427,0.1
40,4,0.0307147792923,0.1
40,4,0.0320594561953,0.1
40,4,0.0330213547647,0.1
40,4,0.0337862080855,0.1
40,4,0.0343785378504,0.1
40,4,0.0332156229147,0.1
40,4,0.0333712637581,0.1
40,4,0.0319693433833,0.1
40,4,0.0331790456578,0.1
40,4,0.0349993147855,0.1
40,4,0.0327299251418,0.1
40,4,0.038888773746,0.1
41,4,0.0338197669187,0.1
41,4,0.03463335167,0.1
41,4,0.0350716751388,0.1
41,4,0.0362888590862,0.1
41,4,0.0370269270032,0.1
41,4,0.0386062675898,0.1
41,4,0.0412109045803,0.1
41,4,0.0419092661779,0.1
41,4,0.0426774511046,0.1
41,4,0.042553650577,0.1
41,4,0.040605479891,0.1
41,4,0.0398612849473,0.1
41,4,0.0405328186529,0.1
41,4,0.0394323032274,0.1
41,4,0.0387246251945,0.1
41,4,0.0381266707053,0.1
41,4,0.037572685389,0.1
41,4,0.0364167999452,0.1
41,4,0.0368667463644,0.1
41,4,0.036002697645,0.1
41,4,0.0344992277248,0.1
41,4,0.0343205545041,0.1
41,4,0.032886791467,0.1
41,4,0.0331374723813,0.1
41,4,0.0346591295797,0.1
42,4,0.0351268591464,0.1
42,4,0.0356340397568,0.1
42,4,0.035226906132,0.1
42,4,0.034200790728,0.1
42,4,0.0349603675951,0.1
42,4,0.0362578211698,0.1
42,4,0.0365128053821,0.1
42,4,0.0384703303565,0.1
42,4,0.0386948818338,0.1
42,4,0.039783442438,0.1
42,4,0.0397293363527,0.1
42,4,0.0392735165146,0.1
42,4,0.0388813772656,0.1
42,4,0.0384158136733,0.1
42,4,0.0381508844874,0.1
42,4,0.0388220092088,0.1
42,4,0.0399750966957,0.1
42,4,0.0402562105771,0.1
42,4,0.0390708286671,0.1
42,4,0.03721597857,0.1
42,4,0.0391077687905,0.1
42,4,0.0386043087852,0.1
42,4,0.040071321514,0.1
42,4,0.0406923226601,0.1
42,4,0.042363697701,0.1
43,4,0.0393688967655,0.1
43,4,0.0394572252123,0.1
43,4,0.0393929818487,0.1
43,4,0.0379183337201,0.1
43,4,0.0366306954715,0.1
43,4,0.0370755313352,0.1
43,4,0.0366070703482,0.1
43,4,0.0362179395075,0.1
43,4,0.0350115960317,0.1
43,4,0.0343923585034,0.1
43,4,0.0329843531663,0.1
43,4,0.0335033830902,0.1
43,4,0.033189451099,0.1
43,4,0.0323721960486,0.1
43,4,0.0325844891476,0.1
43,4,0.0321128039999,0.1
43,4,0.0321264706004,0.1
43,4,0.0311390700384,0.1
43,4,0.0315052253655,0.1
43,4,0.0316804803853,0.1
43,4,0.0319966998234,0.1
43,4,0.0325321822302,0.1
43,4,0.0325781968002,0.1
43,4,0.0326413160208,0.1
43,4,0.033417239295,0.1
44,4,0.032506960326,0.1
44,4,0.0333218904242,0.1
44,4,0.0329321708113,0.1
44,4,0.0325793284262,0.1
44,4,0.032859772261,0.1
44,4,0.0334179109766,0.1
44,4,0.0336887355739,0.1
44,4,0.0334201918192,0.1
44,4,0.0331788925249,0.1
44,4,0.0328272293755,0.1
44,4,0.0326607405063,0.1
44,4,0.0319986531055,0.1
44,4,0.0322325993111,0.1
44,4,0.0320296479504,0.1
44,4,0.0324479157879,0.1
44,4,0.0320091615976,0.1
44,4,0.0322718322294,0.1
44,4,0.0319517443556,0.1
44,4,0.0316724261584,0.1
44,4,0.0311891999508,0.1
44,4,0.0311660808241,0.1
44,4,0.0302703751942,0.1
44,4,0.0293008528503,0.1
44,4,0.0297274932224,0.1
44,4,0.0311419603201,0.1
45,4,0.0288076847623,0.1
45,4,0.0291799968164,0.1
45,4,0.0294367701545,0.1
45,4,0.0291361555307,0.1
45,4,0.0292881344013,0.1
45,4,0.0288887570464,0.1
45,4,0.0283534603434,0.1
45,4,0.0289839518378,0.1
45,4,0.0289497265562,0.1
45,4,0.0289358504365,0.1
45,4,0.028663485291,0.1
45,4,0.0283516225041,0.1
45,4,0.0281476021883,0.1
45,4,0.0284478156095,0.1
45,4,0.0277664805915,0.1
45,4,0.0275682442158,0.1
45,4,0.0270249250632,0.1
45,4,0.0270943779865,0.1
45,4,0.0271572478625,0.1
45,4,0.0263202404657,0.1
45,4,0.0262760608549,0.1
45,4,0.025948564766,0.1
45,4,0.0254950470111,0.1
45,4,0.0252896826182,0.1
45,4,0.0262901922499,0.1
46,4,0.0248553173971,0.1
46,4,0.025217339719,0.1
46,4,0.0256672628972,0.1
46,4,0.0253369386865,0.1
46,4,0.0254894696633,0.1
46,4,0.0248665518959,0.1
46,4,0.0249678427367,0.1
46,4,0.0251130827876,0.1
46,4,0.0243181898816,0.1
46,4,0.0244648159698,0.1
46,4,0.0239340813014,0.1
46,4,0.0239096965509,0.1
46,4,0.0236867736156,0.1
46,4,0.0237379995632,0.1
46,4,0.0241294335846,0.1
46,4,0.0247456736232,0.1
46,4,0.0243059705992,0.1
46,4,0.0237098827705,0.1
46,4,0.0263236370147,0.1
46,4,0.0260310138223,0.1
46,4,0.0262719536102,0.1
46,4,0.0256458870726,0.1
46,4,0.025516760965,0.1
46,4,0.0254705209289,0.1
46,4,0.0271461422083,0.1
47,4,0.0247370239187,0.1
47,4,0.0249984347918,0.1
47,4,0.0251195666549,0.1
47,4,0.0246491400056,0.1
47,4,0.024945169885,0.1
47,4,0.0252899165242,0.1
47,4,0.025005816337,0.1
47,4,0.0248156642386,0.1
47,4,0.0256708284224,0.1
47,4,0.0255409072827,0.1
47,4,0.0254105549974,0.1
47,4,0.0253795749854,0.1
47,4,0.0258469242423,0.1
47,4,0.025340765034,0.1
47,4,0.0258130760067,0.1
47,4,0.0256299429267,0.1
47,4,0.0253985609942,0.1
47,4,0.0252368077673,0.1
47,4,0.0251466583071,0.1
47,4,0.0252634302795,0.1
47,4,0.0246304325111,0.1
47,4,0.0244846295749,0.1
47,4,0.024363829756,0.1
47,4,0.0249197228775,0.1
47,4,0.0262109947864,0.1
48,4,0.0241219015835,0.1
48,4,0.0243344048341,0.1
48,4,0.0247346624798,0.1
48,4,0.0243787453304,0.1
48,4,0.0244932866935,0.1
48,4,0.0248374835715,0.1
48,4,0.0245519006562,0.1
48,4,0.0242087166558,0.1
48,4,0.0244634201333,0.1
48,4,0.0243860187631,0.1
48,4,0.0238692564954,0.1
48,4,0.0238636136685,0.1
48,4,0.0242384917163,0.1
48,4,0.0244966661805,0.1
48,4,0.0243700063618,0.1
48,4,0.0241996862264,0.1
48,4,0.024136439274,0.1
48,4,0.0243805859361,0.1
48,4,0.0240301430327,0.1
48,4,0.0238264716057,0.1
48,4,0.0234852973731,0.1
48,4,0.0239465397938,0.1
48,4,0.0235689244975,0.1
48,4,0.0235151624177,0.1
48,4,0.0248230075308,0.1
49,4,0.0229567786987,0.1
49,4,0.0231789626737,0.1
49,4,0.023418748586,0.1
49,4,0.0236832191368,0.1
49,4,0.023860913707,0.1
49,4,0.0235370251775,0.1
49,4,0.0233470131258,0.1
49,4,0.0233072369857,0.1
49,4,0.0231432930557,0.1
49,4,0.0227546744158,0.1
49,4,0.0229865308913,0.1
49,4,0.0232128479553,0.1
49,4,0.023713670035,0.1
49,4,0.0245224035167,0.1
49,4,0.0240160519012,0.1
49,4,0.0241061124751,0.1
49,4,0.0237865529624,0.1
49,4,0.0234338539185,0.1
49,4,0.0237848479868,0.1
49,4,0.0238444692236,0.1
49,4,0.0235473976378,0.1
49,4,0.0227042453447,0.1
49,4,0.0229157505526,0.1
49,4,0.0227552705387,0.1
49,4,0.0245957368265,0.1
50,4,0.0231139024106,0.1
50,4,0.023040188445,0.1
50,4,0.0228805464448,0.1
50,4,0.0229682254032,0.1
50,4,0.0232112085225,0.1
50,4,0.0222609121129,0.1
50,4,0.0224522241183,0.1
50,4,0.0224559094842,0.1
50,4,0.0229687881016,0.1
50,4,0.0223667170408,0.1
50,4,0.0224999964446,0.1
50,4,0.0224748112957,0.1
50,4,0.0226835833252,0.1
50,4,0.0223785526789,0.1
50,4,0.022256587329,0.1
50,4,0.0220632995979,0.1
50,4,0.0218238291497,0.1
50,4,0.0216696575794,0.1
50,4,0.0224160544316,0.1
50,4,0.022268310641,0.1
50,4,0.0225642264664,0.1
50,4,0.0225420214454,0.1
50,4,0.0227294197946,0.1
50,4,0.0230380669503,0.1
50,4,0.024364097218,0.1
51,4,0.0233697030381,0.1
51,4,0.0234493882893,0.1
51,4,0.0228674682082,0.1
51,4,0.0234902062507,0.1
51,4,0.0228060743693,0.1
51,4,0.022996407072,0.1
51,4,0.0229706579757,0.1
51,4,0.0230579979204,0.1
51,4,0.0231175516166,0.1
51,4,0.0231258425845,0.1
51,4,0.0228446947866,0.1
51,4,0.0228140813803,0.1
51,4,0.022343377355,0.1
51,4,0.0225150604202,0.1
51,4,0.0231271595397,0.1
51,4,0.0231857402034,0.1
51,4,0.0233427752151,0.1
51,4,0.0227835799203,0.1
51,4,0.0231436060333,0.1
51,4,0.0228800008072,0.1
51,4,0.0232227490726,0.1
51,4,0.0229538328184,0.1
51,4,0.0233089234053,0.1
51,4,0.0229723329652,0.1
51,4,0.0240825122363,0.1
52,4,0.0233339500565,0.1
52,4,0.0231786981238,0.1
52,4,0.0240367227128,0.1
52,4,0.0239903070622,0.1
52,4,0.0236462460897,0.1
52,4,0.0239750954697,0.1
52,4,0.024041228076,0.1
52,4,0.0241946093992,0.1
52,4,0.0246012415116,0.1
52,4,0.0245286981511,0.1
52,4,0.0243511227167,0.1
52,4,0.0240871173093,0.1
52,4,0.0245967304549,0.1
52,4,0.0247058781341,0.1
52,4,0.0245948179484,0.1
52,4,0.0244909681671,0.1
52,4,0.0245779068104,0.1
52,4,0.0241927928739,0.1
52,4,0.0238029175495,0.1
52,4,0.0236264829552,0.1
52,4,0.023137830879,0.1
52,4,0.0231469378244,0.1
52,4,0.0226663067602,0.1
52,4,0.022854908125,0.1
52,4,0.0236200452811,0.1
53,4,0.0224126835284,0.1
53,4,0.0221382647511,0.1
53,4,0.0224107007243,0.1
53,4,0.0217973359563,0.1
53,4,0.0213403254136,0.1
53,4,0.0214705224822,0.1
53,4,0.0213758075346,0.1
53,4,0.0212081478451,0.1
53,4,0.0208051025836,0.1
53,4,0.0213968377367,0.1
53,4,0.0211855568383,0.1
53,4,0.0211599697085,0.1
53,4,0.0207784932294,0.1
53,4,0.0208810702467,0.1
53,4,0.0214556978747,0.1
53,4,0.0216444792705,0.1
53,4,0.0212479606654,0.1
53,4,0.020989692459,0.1
53,4,0.0214018958311,0.1
53,4,0.0214563651298,0.1
53,4,0.0214168213578,0.1
53,4,0.0214869979431,0.1
53,4,0.0214209200578,0.1
53,4,0.0219555043237,0.1
53,4,0.0231770971729,0.1
54,4,0.0220095894335,0.1
54,4,0.0219571856582,0.1
54,4,0.0218660935591,0.1
54,4,0.0217891985123,0.1
54,4,0.0218700311918,0.1
54,4,0.0217684521312,0.1
54,4,0.0216638681932,0.1
54,4,0.0215189298085,0.1
54,4,0.0213545192251,0.1
54,4,0.0217222264908,0.1
54,4,0.0211795767049,0.1
54,4,0.0214669721573,0.1
54,4,0.0212457611346,0.1
54,4,0.0219414521366,0.1
54,4,0.020893083347,0.1
54,4,0.0211253280828,0.1
54,4,0.0215539797445,0.1
54,4,0.020773384403,0.1
54,4,0.0214390609483,0.1
54,4,0.0209240011542,0.1
54,4,0.0211533630195,0.1
54,4,0.0217348837629,0.1
54,4,0.0214591652945,0.1
54,4,0.0207825124927,0.1
54,4,0.0210326923935,0.1
55,4,0.0211223269438,0.1
55,4,0.0213001474508,0.1
55,4,0.0215518165562,0.1
55,4,0.0211355272864,0.1
55,4,0.02077213574,0.1
55,4,0.0210562596307,0.1
55,4,0.0207679832027,0.1
55,4,0.0205900148458,0.1
55,4,0.0206767657162,0.1
55,4,0.0206191939301,0.1
55,4,0.0206963837984,0.1
55,4,0.020765651395,0.1
55,4,0.0208002339454,0.1
55,4,0.0203829950218,0.1
55,4,0.0202729147338,0.1
55,4,0.0213009384829,0.1
55,4,0.0207246304474,0.1
55,4,0.0216096992735,0.1
55,4,0.0210431604323,0.1
55,4,0.0208575724551,0.1
55,4,0.0213057288379,0.1
55,4,0.020980632102,0.1
55,4,0.0215493424453,0.1
55,4,0.0211856506642,0.1
55,4,0.0217165617377,0.1
56,4,0.0207685279696,0.1
56,4,0.0214632430658,0.1
56,4,0.0216805004355,0.1
56,4,0.0210423837655,0.1
56,4,0.0205636723485,0.1
56,4,0.0205707372877,0.1
56,4,0.020580031138,0.1
56,4,0.0208763137541,0.1
56,4,0.0206263468638,0.1
56,4,0.0203285757653,0.1
56,4,0.0208555016761,0.1
56,4,0.0206168781504,0.1
56,4,0.0201099001997,0.1
56,4,0.0202700742261,0.1
56,4,0.0201537096569,0.1
56,4,0.0206854833867,0.1
56,4,0.0205265146812,0.1
56,4,0.020685247209,0.1
56,4,0.020767542429,0.1
56,4,0.0210917539557,0.1
56,4,0.0212736498613,0.1
56,4,0.021429174652,0.1
56,4,0.0217364477227,0.1
56,4,0.0216361073206,0.1
56,4,0.0224174859724,0.1
57,4,0.0214336381394,0.1
57,4,0.0217913889679,0.1
57,4,0.0219256338762,0.1
57,4,0.0220180996168,0.1
57,4,0.0223383225688,0.1
57,4,0.0218222064317,0.1
57,4,0.0218305159788,0.1
57,4,0.0219377443552,0.1
57,4,0.0215998453021,0.1
57,4,0.0217060916228,0.1
57,4,0.0220285421858,0.1
57,4,0.0218273575342,0.1
57,4,0.0212569680224,0.1
57,4,0.0216388319323,0.1
57,4,0.0218438713814,0.1
57,4,0.0219324174117,0.1
57,4,0.0217070512077,0.1
57,4,0.0224913253909,0.1
57,4,0.0221235810171,0.1
57,4,0.0218144275488,0.1
57,4,0.0214794573788,0.1
57,4,0.0218678862539,0.1
57,4,0.0213200002213,0.1
57,4,0.021475615236,0.1
57,4,0.0220720111844,0.1
58,4,0.0212258183042,0.1
58,4,0.0211419488652,0.1
58,4,0.0208628432606,0.1
58,4,0.0202340088137,0.1
58,4,0.0205632183946,0.1
58,4,0.0207123532117,0.1
58,4,0.0206810088256,0.1
58,4,0.0202234971085,0.1
58,4,0.02010418799,0.1
58,4,0.0206969586962,0.1
58,4,0.0205368006306,0.1
58,4,0.0201523269542,0.1
58,4,0.0202575169612,0.1
58,4,0.0209615960342,0.1
58,4,0.0205911056904,0.1
58,4,0.0205025085254,0.1
58,4,0.0200257727961,0.1
58,4,0.0201431352628,0.1
58,4,0.0201133463353,0.1
58,4,0.0202656206042,0.1
58,4,0.0203159133028,0.1
58,4,0.0206965084592,0.1
58,4,0.0205462612098,0.1
58,4,0.02071303761,0.1
58,4,0.0211324144686,0.1
59,4,0.020771740769,0.1
59,4,0.0205343141192,0.1
59,4,0.0206782970916,0.1
59,4,0.020819918449,0.1
59,4,0.0211721411021,0.1
59,4,0.0201667993582,0.1
59,4,0.020235786983,0.1
59,4,0.0202251760563,0.1
59,4,0.0202205275791,0.1
59,4,0.0203084824068,0.1
59,4,0.0203554393924,0.1
59,4,0.0202578401363,0.1
59,4,0.0204326159275,0.1
59,4,0.0198968049012,0.1
59,4,0.0203565750976,0.1
59,4,0.0200680038021,0.1
59,4,0.0201959145645,0.1
59,4,0.0206083052378,0.1
59,4,0.0203291384137,0.1
59,4,0.0205807423076,0.1
59,4,0.0205494809154,0.1
59,4,0.0201506848351,0.1
59,4,0.0195090926345,0.1
59,4,0.0199981776138,0.1
59,4,0.0200780419846,0.1
60,4,0.0197924552283,0.1
60,4,0.0199147907016,0.1
60,4,0.0198737727356,0.1
60,4,0.0202317326854,0.1
60,4,0.0199901957375,0.1
60,4,0.0198484962167,0.1
60,4,0.0204693834603,0.1
60,4,0.0199492845523,0.1
60,4,0.0195757417853,0.1
60,4,0.0201877851016,0.1
60,4,0.020021324442,0.1
60,4,0.0201183105771,0.1
60,4,0.0198479980169,0.1
60,4,0.0197972668148,0.1
60,4,0.0198611779316,0.1
60,4,0.0201947773922,0.1
60,4,0.0201832094899,0.1
60,4,0.0201774245808,0.1
60,4,0.0203688569593,0.1
60,4,0.020520224822,0.1
60,4,0.0209083942415,0.1
60,4,0.0205615614683,0.1
60,4,0.0210485149305,0.1
60,4,0.0208108844831,0.1
60,4,0.0211052342867,0.1
61,4,0.0206285838571,0.1
61,4,0.0203122931539,0.1
61,4,0.0205571883248,0.1
61,4,0.0202773666758,0.1
61,4,0.0203216183551,0.1
61,4,0.0209951547082,0.1
61,4,0.0205235328226,0.1
61,4,0.0206056143969,0.1
61,4,0.0206664874467,0.1
61,4,0.0202970444766,0.1
61,4,0.0201527613633,0.1
61,4,0.0204031345899,0.1
61,4,0.0204080481988,0.1
61,4,0.0201206315584,0.1
61,4,0.0203931435419,0.1
61,4,0.0209164112418,0.1
61,4,0.0206137116106,0.1
61,4,0.020336765589,0.1
61,4,0.0208966884779,0.1
61,4,0.0203880600295,0.1
61,4,0.0209734820825,0.1
61,4,0.0207407814181,0.1
61,4,0.0208450711325,0.1
61,4,0.0205316986609,0.1
61,4,0.0207830888457,0.1
62,4,0.0211950774916,0.1
62,4,0.0207069760497,0.1
62,4,0.0204154399711,0.1
62,4,0.02075754566,0.1
62,4,0.0202737001639,0.1
62,4,0.0205519794397,0.1
62,4,0.0199213662247,0.1
62,4,0.0203835179473,0.1
62,4,0.0203603378798,0.1
62,4,0.0202832000948,0.1
62,4,0.0203250427214,0.1
62,4,0.0207232481343,0.1
62,4,0.0199886617954,0.1
62,4,0.0199721878679,0.1
62,4,0.0199123174386,0.1
62,4,0.0194667787439,0.1
62,4,0.019544709274,0.1
62,4,0.0195125617145,0.1
62,4,0.0192550949335,0.1
62,4,0.0198931065176,0.1
62,4,0.0201389822812,0.1
62,4,0.0193326610187,0.1
62,4,0.0192138218608,0.1
62,4,0.0194437920791,0.1
62,4,0.0201011709766,0.1
63,4,0.0194025027043,0.1
63,4,0.019724753187,0.1
63,4,0.0195943577347,0.1
63,4,0.0197842717175,0.1
63,4,0.0198905122875,0.1
63,4,0.0205268582763,0.1
63,4,0.0196585280974,0.1
63,4,0.0200581086621,0.1
63,4,0.0199714404623,0.1
63,4,0.0200143529317,0.1
63,4,0.0194409758838,0.1
63,4,0.0192329583844,0.1
63,4,0.0193654990737,0.1
63,4,0.0195510789105,0.1
63,4,0.0197310470489,0.1
63,4,0.019807019733,0.1
63,4,0.0203868029914,0.1
63,4,0.0197555238882,0.1
63,4,0.0203357473122,0.1
63,4,0.0202713473557,0.1
63,4,0.0199939417936,0.1
63,4,0.0198013317186,0.1
63,4,0.0202547007249,0.1
63,4,0.0205788412068,0.1
63,4,0.02087706589,0.1
64,4,0.0210166113165,0.1
64,4,0.0209907882941,0.1
64,4,0.0208490568088,0.1
64,4,0.0208216726546,0.1
64,4,0.0205456705568,0.1
64,4,0.0203095678999,0.1
64,4,0.0209569727329,0.1
64,4,0.0206679918594,0.1
64,4,0.020432468329,0.1
64,4,0.0204738761148,0.1
64,4,0.0204452274719,0.1
64,4,0.0206426345312,0.1
64,4,0.0206311311785,0.1
64,4,0.0206189918155,0.1
64,4,0.0204045977085,0.1
64,4,0.020946688331,0.1
64,4,0.0210949790607,0.1
64,4,0.0211293530722,0.1
64,4,0.0209865706256,0.1
64,4,0.0206208961512,0.1
64,4,0.0207183015545,0.1
64,4,0.020278879951,0.1
64,4,0.0202757698095,0.1
64,4,0.0207389356648,0.1
64,4,0.0207988565837,0.1
65,4,0.0204651725511,0.1
65,4,0.0207074774677,0.1
65,4,0.0204815358291,0.1
65,4,0.0204379492061,0.1
65,4,0.0206820618192,0.1
65,4,0.0204189093126,0.1
65,4,0.0205000946864,0.1
65,4,0.0205307774665,0.1
65,4,0.0205995060737,0.1
65,4,0.0203895831855,0.1
65,4,0.020046679714,0.1
65,4,0.0202351333883,0.1
65,4,0.0204212223265,0.1
65,4,0.0200938283892,0.1
65,4,0.0205464269538,0.1
65,4,0.0204246091258,0.1
65,4,0.0207624618149,0.1
65,4,0.0209161695099,0.1
65,4,0.0204900891113,0.1
65,4,0.0209933425592,0.1
65,4,0.0207519187995,0.1
65,4,0.0209111129008,0.1
65,4,0.0207803172577,0.1
65,4,0.0207924600743,0.1
65,4,0.0211876842638,0.1
66,4,0.0206002295105,0.1
66,4,0.0207431710059,0.1
66,4,0.0208253387904,0.1
66,4,0.0209230374564,0.1
66,4,0.0210933371304,0.1
66,4,0.0209211961473,0.1
66,4,0.0206553963718,0.1
66,4,0.0206935275544,0.1
66,4,0.0208380921306,0.1
66,4,0.0206667663758,0.1
66,4,0.0204078210243,0.1
66,4,0.0204360337107,0.1
66,4,0.0207492143176,0.1
66,4,0.0204397988687,0.1
66,4,0.0206602393514,0.1
66,4,0.0200786787077,0.1
66,4,0.01989053486,0.1
66,4,0.0200336418027,0.1
66,4,0.0207760656802,0.1
66,4,0.0208226821492,0.1
66,4,0.0203449905232,0.1
66,4,0.0197454559545,0.1
66,4,0.019951877988,0.1
66,4,0.0195260398998,0.1
66,4,0.0199858488437,0.1
67,4,0.0199844982338,0.1
67,4,0.0201159208765,0.1
67,4,0.0195575922534,0.1
67,4,0.0198816728648,0.1
67,4,0.0197704214358,0.1
67,4,0.0193322620376,0.1
67,4,0.0194696445107,0.1
67,4,0.0201291948903,0.1
67,4,0.0201609291201,0.1
67,4,0.0199912714415,0.1
67,4,0.0195346804438,0.1
67,4,0.0191376319084,0.1
67,4,0.0197946768576,0.1
67,4,0.0197849971503,0.1
67,4,0.0194793940844,0.1
67,4,0.0196218129946,0.1
67,4,0.0196135657324,0.1
67,4,0.0195842742318,0.1
67,4,0.0192404922878,0.1
67,4,0.0192777209045,0.1
67,4,0.0195833086948,0.1
67,4,0.0195051348222,0.1
67,4,0.0190788340329,0.1
67,4,0.0196225432218,0.1
67,4,0.020259239479,0.1
68,4,0.020093588285,0.1
68,4,0.0195376232865,0.1
68,4,0.0193427203532,0.1
68,4,0.0195381313411,0.1
68,4,0.0193994983949,0.1
68,4,0.0196431221439,0.1
68,4,0.0194986262819,0.1
68,4,0.0199823516109,0.1
68,4,0.0203455676272,0.1
68,4,0.0198038631713,0.1
68,4,0.0197588972304,0.1
68,4,0.0205612221208,0.1
68,4,0.0199162904349,0.1
68,4,0.0204854931737,0.1
68,4,0.0204283707953,0.1
68,4,0.0204132811635,0.1
68,4,0.0202561954575,0.1
68,4,0.0204783445029,0.1
68,4,0.0203879288467,0.1
68,4,0.0201853778599,0.1
68,4,0.0201333888012,0.1
68,4,0.0203373222508,0.1
68,4,0.0203992041831,0.1
68,4,0.0206559069671,0.1
68,4,0.020597127036,0.1
69,4,0.0205871878801,0.1
69,4,0.020457669229,0.1
69,4,0.0203301720765,0.1
69,4,0.0200850938724,0.1
69,4,0.0203906161747,0.1
69,4,0.020399031401,0.1
69,4,0.0200991244305,0.1
69,4,0.0199453851916,0.1
69,4,0.0200677708475,0.1
69,4,0.0204426496974,0.1
69,4,0.0199809526656,0.1
69,4,0.020220361867,0.1
69,4,0.0200491840689,0.1
69,4,0.0203222147033,0.1
69,4,0.0202629144642,0.1
69,4,0.0203437069572,0.1
69,4,0.0201458962174,0.1
69,4,0.0201195490678,0.1
69,4,0.0201040987228,0.1
69,4,0.0201009734939,0.1
69,4,0.0200810192611,0.1
69,4,0.0196204525732,0.1
69,4,0.0198968355162,0.1
69,4,0.0202683020895,0.1
69,4,0.0200650953315,0.1
70,4,0.0200102080388,0.1
70,4,0.0199047548302,0.1
70,4,0.0192466727311,0.1
70,4,0.0195177135035,0.1
70,4,0.0195588964925,0.1
70,4,0.0193527439192,0.1
70,4,0.0192820988362,0.1
70,4,0.0191314215328,0.1
70,4,0.0193719403952,0.1
70,4,0.0196107041775,0.1
70,4,0.0193215500499,0.1
70,4,0.0191889187379,0.1
70,4,0.0191797343702,0.1
70,4,0.0192330807539,0.1
70,4,0.0198720742303,0.1
70,4,0.0202146124002,0.1
70,4,0.0190278889018,0.1
70,4,0.0195776872443,0.1
70,4,0.0192919609738,0.1
70,4,0.0193525965709,0.1
70,4,0.0197104042024,0.1
70,4,0.0194607816118,0.1
70,4,0.019632636286,0.1
70,4,0.020121029843,0.1
70,4,0.0200781827797,0.1
71,4,0.0194786998127,0.1
71,4,0.0193101632223,0.1
71,4,0.0195783959744,0.1
71,4,0.0193344203206,0.1
71,4,0.0195858959491,0.1
71,4,0.0201524756978,0.1
71,4,0.0196280621343,0.1
71,4,0.0197010298105,0.1
71,4,0.019573196297,0.1
71,4,0.019657456689,0.1
71,4,0.0192069440459,0.1
71,4,0.0191840016893,0.1
71,4,0.0192122343747,0.1
71,4,0.0191087585328,0.1
71,4,0.0193385807649,0.1
71,4,0.0195329542219,0.1
71,4,0.0189329487395,0.1
71,4,0.0192034910163,0.1
71,4,0.0190231713631,0.1
71,4,0.0189661607719,0.1
71,4,0.0192436410777,0.1
71,4,0.0191690663693,0.1
71,4,0.0186822224506,0.1
71,4,0.0187887394209,0.1
71,4,0.0189869702568,0.1
72,4,0.0198795100306,0.1
72,4,0.0195016253408,0.1
72,4,0.0198145242547,0.1
72,4,0.0200827638014,0.1
72,4,0.0195646762489,0.1
72,4,0.0190813207858,0.1
72,4,0.0194411307726,0.1
72,4,0.0193278567782,0.1
72,4,0.0193645205963,0.1
72,4,0.0193727476139,0.1
72,4,0.0193774913786,0.1
72,4,0.019276514051,0.1
72,4,0.0194078817296,0.1
72,4,0.01948887174,0.1
72,4,0.0195040845673,0.1
72,4,0.0197171591314,0.1
72,4,0.0198822188091,0.1
72,4,0.0197482205514,0.1
72,4,0.0192983470336,0.1
72,4,0.0193710061659,0.1
72,4,0.0192278823469,0.1
72,4,0.0191686948659,0.1
72,4,0.0193071618622,0.1
72,4,0.0189552656955,0.1
72,4,0.0196115522642,0.1
73,4,0.0196651091544,0.1
73,4,0.0190978878061,0.1
73,4,0.0195622441959,0.1
73,4,0.0187178880606,0.1
73,4,0.0196378530952,0.1
73,4,0.0189721042031,0.1
73,4,0.0191597489546,0.1
73,4,0.0190013740833,0.1
73,4,0.0193156036978,0.1
73,4,0.0194509922426,0.1
73,4,0.0197781275101,0.1
73,4,0.0201235114632,0.1
73,4,0.0195749441747,0.1
73,4,0.019459198914,0.1
73,4,0.0193011230459,0.1
73,4,0.0194121680236,0.1
73,4,0.0195029078798,0.1
73,4,0.0194912244639,0.1
73,4,0.0195208025293,0.1
73,4,0.0192326948913,0.1
73,4,0.0195062956547,0.1
73,4,0.0193555383222,0.1
73,4,0.0198781393173,0.1
73,4,0.0193416945163,0.1
73,4,0.0193851335241,0.1
74,4,0.0188995705958,0.1
74,4,0.0188319007952,0.1
74,4,0.0182299240504,0.1
74,4,0.018778717399,0.1
74,4,0.0188801369344,0.1
74,4,0.0191579774493,0.1
74,4,0.018878796973,0.1
74,4,0.0192826776527,0.1
74,4,0.0194314827353,0.1
74,4,0.019556868313,0.1
74,4,0.0195431326301,0.1
74,4,0.0193052301654,0.1
74,4,0.0189550189144,0.1
74,4,0.0186277156193,0.1
74,4,0.0187371667553,0.1
74,4,0.0191335172828,0.1
74,4,0.0188944188778,0.1
74,4,0.019196407803,0.1
74,4,0.0191044032532,0.1
74,4,0.0190741645851,0.1
74,4,0.0193039197975,0.1
74,4,0.0195691277922,0.1
74,4,0.0195534054564,0.1
74,4,0.0188982256344,0.1
74,4,0.0188601626233,0.1
75,4,0.0195745100558,0.1
75,4,0.0195402943322,0.1
75,4,0.0192463281518,0.1
75,4,0.0188494318776,0.1
75,4,0.0192833067915,0.1
75,4,0.0194809321047,0.1
75,4,0.0188496814744,0.1
75,4,0.0192337426305,0.1
75,4,0.0192878310291,0.1
75,4,0.0195370050548,0.1
75,4,0.0192243841111,0.1
75,4,0.0187933381132,0.1
75,4,0.0188459550269,0.1
75,4,0.0191535809198,0.1
75,4,0.0192043368026,0.1
75,4,0.0200059371044,0.1
75,4,0.0197156776037,0.1
75,4,0.0193131492707,0.1
75,4,0.0191722777085,0.1
75,4,0.0193409429045,0.1
75,4,0.0192166780024,0.1
75,4,0.0192007586732,0.1
75,4,0.0192076394986,0.1
75,4,0.0192103770516,0.1
75,4,0.017998200009,0.1
76,4,0.0192885806501,0.1
76,4,0.0195875738775,0.1
76,4,0.0189841888408,0.1
76,4,0.0194059709563,0.1
76,4,0.0197297334699,0.1
76,4,0.0199751741136,0.1
76,4,0.0197114614506,0.1
76,4,0.0198860367114,0.1
76,4,0.0206210498145,0.1
76,4,0.0193352075512,0.1
76,4,0.0191240102756,0.1
76,4,0.0194911127109,0.1
76,4,0.0194607909963,0.1
76,4,0.0191747089532,0.1
76,4,0.0188296487054,0.1
76,4,0.0191261813663,0.1
76,4,0.0191746395863,0.1
76,4,0.0186670991094,0.1
76,4,0.019277141686,0.1
76,4,0.0189180447213,0.1
76,4,0.0188686036395,0.1
76,4,0.0188405904582,0.1
76,4,0.0187168130286,0.1
76,4,0.0196967670593,0.1
76,4,0.0186489191179,0.1
77,4,0.019207355895,0.1
77,4,0.0191783205081,0.1
77,4,0.0188411787969,0.1
77,4,0.0189539457963,0.1
77,4,0.0190073586677,0.1
77,4,0.018957124572,0.1
77,4,0.0188728159525,0.1
77,4,0.0190346619678,0.1
77,4,0.0186195614189,0.1
77,4,0.018488276621,0.1
77,4,0.0186138176247,0.1
77,4,0.0189487454095,0.1
77,4,0.0185058092348,0.1
77,4,0.0188462134617,0.1
77,4,0.0185138865379,0.1
77,4,0.0181100998048,0.1
77,4,0.0182975870602,0.1
77,4,0.0184823625842,0.1
77,4,0.0187735406393,0.1
77,4,0.0180726014755,0.1
77,4,0.0181862326446,0.1
77,4,0.0180225003089,0.1
77,4,0.0181711280496,0.1
77,4,0.0183129685189,0.1
77,4,0.0177104975528,0.1
78,4,0.018516127659,0.1
78,4,0.0182844483162,0.1
78,4,0.0185466840353,0.1
78,4,0.018064220806,0.1
78,4,0.0181652787137,0.1
78,4,0.0184884509489,0.1
78,4,0.0184292381249,0.1
78,4,0.0188175854557,0.1
78,4,0.0187233608183,0.1
78,4,0.0188580741787,0.1
78,4,0.0193091849895,0.1
78,4,0.018891746912,0.1
78,4,0.019091000976,0.1
78,4,0.0188019158813,0.1
78,4,0.018876627455,0.1
78,4,0.0189687570815,0.1
78,4,0.0192758054294,0.1
78,4,0.0191637570798,0.1
78,4,0.0188976880665,0.1
78,4,0.019336404871,0.1
78,4,0.0190813471402,0.1
78,4,0.0188374490849,0.1
78,4,0.0189484860277,0.1
78,4,0.0190964437996,0.1
78,4,0.0189596189945,0.1
79,4,0.0191189639619,0.1
79,4,0.0191433238553,0.1
79,4,0.0190731330004,0.1
79,4,0.0189270423786,0.1
79,4,0.0198851894741,0.1
79,4,0.0191832853094,0.1
79,4,0.0191412912741,0.1
79,4,0.0191029497178,0.1
79,4,0.0193456589122,0.1
79,4,0.0188721804623,0.1
79,4,0.0191175078619,0.1
79,4,0.0188361796821,0.1
79,4,0.0188205091357,0.1
79,4,0.0187477882026,0.1
79,4,0.0185830651614,0.1
79,4,0.0191154304834,0.1
79,4,0.0187119380415,0.1
79,4,0.0189039413174,0.1
79,4,0.0185360593965,0.1
79,4,0.0187021201227,0.1
79,4,0.0185294524673,0.1
79,4,0.0189558520938,0.1
79,4,0.0184803862976,0.1
79,4,0.0183601496449,0.1
79,4,0.0178133751309,0.1
80,4,0.0185175577675,0.1
80,4,0.0185611099975,0.1
80,4,0.0185847737904,0.1
80,4,0.0188065501684,0.1
80,4,0.0185796930301,0.1
80,4,0.0184588958797,0.1
80,4,0.0187937387194,0.1
80,4,0.0184591618698,0.1
80,4,0.0185304205367,0.1
80,4,0.0186729558293,0.1
80,4,0.0185161383275,0.1
80,4,0.0186513503173,0.1
80,4,0.0190826278465,0.1
80,4,0.0186821778197,0.1
80,4,0.0180324226274,0.1
80,4,0.0181583349566,0.1
80,4,0.018356729981,0.1
80,4,0.0180752713394,0.1
80,4,0.0183379891666,0.1
80,4,0.018279328235,0.1
80,4,0.0180001136466,0.1
80,4,0.0182606597563,0.1
80,4,0.018095360035,0.1
80,4,0.0188661511893,0.1
80,4,0.0177766701703,0.1
81,4,0.0185645278378,0.1
81,4,0.0188799300542,0.1
81,4,0.0180283087431,0.1
81,4,0.0181272543446,0.1
81,4,0.0185506259314,0.1
81,4,0.0185702453862,0.1
81,4,0.0183852075342,0.1
81,4,0.018504381232,0.1
81,4,0.0185440447705,0.1
81,4,0.0179935236976,0.1
81,4,0.0188693517054,0.1
81,4,0.0206172217365,0.1
81,4,0.018250737641,0.1
81,4,0.0182196850433,0.1
81,4,0.0175030250504,0.1
81,4,0.0174343477013,0.1
81,4,0.0178251253643,0.1
81,4,0.0174859138226,0.1
81,4,0.0182126292094,0.1
81,4,0.0179809053995,0.1
81,4,0.0180674779052,0.1
81,4,0.0176413417237,0.1
81,4,0.0176090806449,0.1
81,4,0.01724959219,0.1
81,4,0.0168412149497,0.1
82,4,0.0180336903884,0.1
82,4,0.0179395477179,0.1
82,4,0.0176908557642,0.1
82,4,0.0178177473208,0.1
82,4,0.0179080262359,0.1
82,4,0.0177591731572,0.1
82,4,0.0177918792058,0.1
82,4,0.0178560063629,0.1
82,4,0.0175068842536,0.1
82,4,0.0176003793559,0.1
82,4,0.0172306883618,0.1
82,4,0.01751538474,0.1
82,4,0.0173380177621,0.1
82,4,0.0177447401381,0.1
82,4,0.0173366351864,0.1
82,4,0.0179196927853,0.1
82,4,0.0178255034352,0.1
82,4,0.0175074942337,0.1
82,4,0.0175292325151,0.1
82,4,0.0176890746679,0.1
82,4,0.0173844522081,0.1
82,4,0.0176616750728,0.1
82,4,0.0175547841294,0.1
82,4,0.0174289801247,0.1
82,4,0.0172376614445,0.1
83,4,0.0175200444553,0.1
83,4,0.0174274797147,0.1
83,4,0.0177767497211,0.1
83,4,0.0177480284974,0.1
83,4,0.0179662058264,0.1
83,4,0.018034553694,0.1
83,4,0.0183532665718,0.1
83,4,0.0179209756196,0.1
83,4,0.018288070203,0.1
83,4,0.0179758222045,0.1
83,4,0.0183617120038,0.1
83,4,0.017640968274,0.1
83,4,0.0180678449536,0.1
83,4,0.0174778189607,0.1
83,4,0.0179080742066,0.1
83,4,0.0186766290814,0.1
83,4,0.0175543068957,0.1
83,4,0.0180099524623,0.1
83,4,0.0175879649669,0.1
83,4,0.017546121285,0.1
83,4,0.0176156941168,0.1
83,4,0.0174533033538,0.1
83,4,0.0171633065148,0.1
83,4,0.0173472093239,0.1
83,4,0.0168529028258,0.1
84,4,0.0174370244443,0.1
84,4,0.0178423616408,0.1
84,4,0.0175317018003,0.1
84,4,0.0174098388923,0.1
84,4,0.0172125122885,0.1
84,4,0.0174474593776,0.1
84,4,0.0171337408631,0.1
84,4,0.0171623639419,0.1
84,4,0.0170477226148,0.1
84,4,0.0176428394054,0.1
84,4,0.0170711162729,0.1
84,4,0.0170268962654,0.1
84,4,0.0166172585339,0.1
84,4,0.0175228831747,0.1
84,4,0.0176686153996,0.1
84,4,0.0173217481135,0.1
84,4,0.0170971334765,0.1
84,4,0.0172848434005,0.1
84,4,0.0171762789027,0.1
84,4,0.0172952912544,0.1
84,4,0.0171511914421,0.1
84,4,0.017036351844,0.1
84,4,0.0169195326807,0.1
84,4,0.0171111769399,0.1
84,4,0.0170999190454,0.1
85,4,0.0173700355868,0.1
85,4,0.0173947367813,0.1
85,4,0.0169746261668,0.1
85,4,0.016412564438,0.1
85,4,0.0166354355811,0.1
85,4,0.0168400077755,0.1
85,4,0.0172401610809,0.1
85,4,0.0173513872597,0.1
85,4,0.0172418346026,0.1
85,4,0.017211002079,0.1
85,4,0.0173097026401,0.1
85,4,0.0171761057354,0.1
85,4,0.0167523060949,0.1
85,4,0.0177208773626,0.1
85,4,0.0174113695063,0.1
85,4,0.0175417667716,0.1
85,4,0.0170237895682,0.1
85,4,0.016740997541,0.1
85,4,0.0165770387034,0.1
85,4,0.0166014143404,0.1
85,4,0.0164924257635,0.1
85,4,0.0168931710398,0.1
85,4,0.0167726920648,0.1
85,4,0.0169712298502,0.1
85,4,0.0164796593938,0.1
86,4,0.0169491370674,0.1
86,4,0.0168447075543,0.1
86,4,0.0164478248987,0.1
86,4,0.0166815874898,0.1
86,4,0.0166892374082,0.1
86,4,0.0165193154114,0.1
86,4,0.0168197767359,0.1
86,4,0.0170104592452,0.1
86,4,0.0167005263205,0.1
86,4,0.016961541161,0.1
86,4,0.0172338399401,0.1
86,4,0.0167895910596,0.1
86,4,0.0171682468308,0.1
86,4,0.0169475596894,0.1
86,4,0.0168140215036,0.1
86,4,0.0164945423393,0.1
86,4,0.0167632830199,0.1
86,4,0.0165118902736,0.1
86,4,0.0166684332837,0.1
86,4,0.0167585542102,0.1
86,4,0.0164858401167,0.1
86,4,0.0170066886908,0.1
86,4,0.0163350642748,0.1
86,4,0.0163686141674,0.1
86,4,0.0158605172527,0.1
87,4,0.0169336333121,0.1
87,4,0.0169024709134,0.1
87,4,0.016654337567,0.1
87,4,0.0164350458173,0.1
87,4,0.0167613214204,0.1
87,4,0.0164534220925,0.1
87,4,0.0173446126105,0.1
87,4,0.0166573408835,0.1
87,4,0.0185245294737,0.1
87,4,0.0175426348378,0.1
87,4,0.0175175522654,0.1
87,4,0.0169109516664,0.1
87,4,0.0171045720748,0.1
87,4,0.0170371089269,0.1
87,4,0.0171432022698,0.1
87,4,0.0165509297929,0.1
87,4,0.0166365741348,0.1
87,4,0.0169321826671,0.1
87,4,0.017032779331,0.1
87,4,0.0168558769577,0.1
87,4,0.016690957498,0.1
87,4,0.0172105690648,0.1
87,4,0.0165770076842,0.1
87,4,0.0169578452373,0.1
87,4,0.0159679613365,0.1
88,4,0.016544734144,0.1
88,4,0.016979274751,0.1
88,4,0.0168307967986,0.1
88,4,0.0164949545456,0.1
88,4,0.0167166601873,0.1
88,4,0.0163901285115,0.1
88,4,0.0163038289943,0.1
88,4,0.0164604507496,0.1
88,4,0.0168449255681,0.1
88,4,0.0170752706185,0.1
88,4,0.01776665669,0.1
88,4,0.0168417084482,0.1
88,4,0.0168331949342,0.1
88,4,0.0168805732218,0.1
88,4,0.0170798074419,0.1
88,4,0.0171689834758,0.1
88,4,0.0170962302843,0.1
88,4,0.0171345562338,0.1
88,4,0.0169679374471,0.1
88,4,0.0166643784273,0.1
88,4,0.0166475766826,0.1
88,4,0.016406563205,0.1
88,4,0.016684846897,0.1
88,4,0.0162870547736,0.1
88,4,0.0158212877123,0.1
89,4,0.0165320020461,0.1
89,4,0.0164757130325,0.1
89,4,0.0164940731077,0.1
89,4,0.0172461676191,0.1
89,4,0.0164294689293,0.1
89,4,0.0164729992003,0.1
89,4,0.016110995032,0.1
89,4,0.0163052700522,0.1
89,4,0.0165129962179,0.1
89,4,0.0168717068006,0.1
89,4,0.0170765376768,0.1
89,4,0.0172251802947,0.1
89,4,0.0168181172185,0.1
89,4,0.0171829629543,0.1
89,4,0.0171803762746,0.1
89,4,0.0168740621765,0.1
89,4,0.0167002512333,0.1
89,4,0.0163814643769,0.1
89,4,0.0165788263831,0.1
89,4,0.0168083263167,0.1
89,4,0.0168440740994,0.1
89,4,0.0163391080473,0.1
89,4,0.0162153470058,0.1
89,4,0.0163691041022,0.1
89,4,0.0155650697378,0.1
90,4,0.0161194886203,0.1
90,4,0.0164148916515,0.1
90,4,0.0163831808555,0.1
90,4,0.0159871302754,0.1
90,4,0.0161187036501,0.1
90,4,0.0164315495912,0.1
90,4,0.0167241249853,0.1
90,4,0.0163573589893,0.1
90,4,0.0163135852419,0.1
90,4,0.0156650226727,0.1
90,4,0.0157299940461,0.1
90,4,0.0158266551535,0.1
90,4,0.0161607791783,0.1
90,4,0.0162689222814,0.1
90,4,0.015900612294,0.1
90,4,0.0158424477588,0.1
90,4,0.0159538948949,0.1
90,4,0.0161465720092,0.1
90,4,0.0161785853436,0.1
90,4,0.0163576625184,0.1
90,4,0.0164215663763,0.1
90,4,0.0165939075973,0.1
90,4,0.0159627861564,0.1
90,4,0.016117291865,0.1
90,4,0.0166718408815,0.1
91,4,0.0158371468433,0.1
91,4,0.015882983543,0.1
91,4,0.0160159813571,0.1
91,4,0.0160939875784,0.1
91,4,0.0157580157208,0.1
91,4,0.0157557039015,0.1
91,4,0.0158190982621,0.1
91,4,0.0159190766337,0.1
91,4,0.0160273653194,0.1
91,4,0.0162299298393,0.1
91,4,0.0164065256568,0.1
91,4,0.0161908819065,0.1
91,4,0.0160358299629,0.1
91,4,0.0160392043338,0.1
91,4,0.0166435205918,0.1
91,4,0.0163327713241,0.1
91,4,0.0161823740104,0.1
91,4,0.0158782394833,0.1
91,4,0.0163783979174,0.1
91,4,0.0161509278763,0.1
91,4,0.0160002749724,0.1
91,4,0.0162230403312,0.1
91,4,0.0156989168115,0.1
91,4,0.016330909058,0.1
91,4,0.0155310687862,0.1
92,4,0.0170590715937,0.1
92,4,0.0159494736703,0.1
92,4,0.0161653493944,0.1
92,4,0.0162616270523,0.1
92,4,0.0158508778539,0.1
92,4,0.0154263919904,0.1
92,4,0.0163538889508,0.1
92,4,0.0156677140701,0.1
92,4,0.0154675496121,0.1
92,4,0.0157565395539,0.1
92,4,0.0161810040672,0.1
92,4,0.0166906123528,0.1
92,4,0.0164447334903,0.1
92,4,0.0158293078867,0.1
92,4,0.0161835025475,0.1
92,4,0.0154744309698,0.1
92,4,0.0162703011731,0.1
92,4,0.0174643343838,0.1
92,4,0.016114160022,0.1
92,4,0.0158435294884,0.1
92,4,0.0154487576803,0.1
92,4,0.015551553711,0.1
92,4,0.0155926682388,0.1
92,4,0.0156948426524,0.1
92,4,0.014714910809,0.1
93,4,0.0156635231183,0.1
93,4,0.0152217484689,0.1
93,4,0.0155265097352,0.1
93,4,0.0153302358789,0.1
93,4,0.0153420531121,0.1
93,4,0.0152568162921,0.1
93,4,0.0154841112386,0.1
93,4,0.0153382450608,0.1
93,4,0.0151127884658,0.1
93,4,0.0152286493525,0.1
93,4,0.0155758555831,0.1
93,4,0.01549227441,0.1
93,4,0.0153172213507,0.1
93,4,0.0156257122969,0.1
93,4,0.01557991187,0.1
93,4,0.0157100572409,0.1
93,4,0.0157779463319,0.1
93,4,0.0151878238636,0.1
93,4,0.0156504262384,0.1
93,4,0.0154422659937,0.1
93,4,0.0158386876995,0.1
93,4,0.016053251451,0.1
93,4,0.0157176908366,0.1
93,4,0.015832785591,0.1
93,4,0.0151926730834,0.1
94,4,0.0154000038116,0.1
94,4,0.0148230743268,0.1
94,4,0.0152151978084,0.1
94,4,0.0151123508712,0.1
94,4,0.0157271133229,0.1
94,4,0.0157595843724,0.1
94,4,0.015740263979,0.1
94,4,0.016385501972,0.1
94,4,0.0155060781033,0.1
94,4,0.0155077346049,0.1
94,4,0.0160379570655,0.1
94,4,0.0158093290666,0.1
94,4,0.0154737925433,0.1
94,4,0.0160962444335,0.1
94,4,0.0158663114181,0.1
94,4,0.0157928061777,0.1
94,4,0.0151264445153,0.1
94,4,0.0155764862235,0.1
94,4,0.0162624624129,0.1
94,4,0.0156923100404,0.1
94,4,0.015995769467,0.1
94,4,0.0153356984016,0.1
94,4,0.0153749553798,0.1
94,4,0.0158643171098,0.1
94,4,0.0151526275728,0.1
95,4,0.0153953419604,0.1
95,4,0.0154643250512,0.1
95,4,0.0148664246088,0.1
95,4,0.0150536456608,0.1
95,4,0.0148784128077,0.1
95,4,0.0148585371308,0.1
95,4,0.0147958808615,0.1
95,4,0.0149206772205,0.1
95,4,0.0147852183518,0.1
95,4,0.014612899462,0.1
95,4,0.0146656549938,0.1
95,4,0.0151273839539,0.1
95,4,0.0151779517525,0.1
95,4,0.0148702269057,0.1
95,4,0.0156838598041,0.1
95,4,0.0151805572042,0.1
95,4,0.0155629446566,0.1
95,4,0.0153978267253,0.1
95,4,0.0159127737917,0.1
95,4,0.0154235824763,0.1
95,4,0.0152294944809,0.1
95,4,0.0154751094818,0.1
95,4,0.0156855649345,0.1
95,4,0.0154590063651,0.1
95,4,0.0150332656746,0.1
96,4,0.0154214083203,0.1
96,4,0.0152538009706,0.1
96,4,0.0151542350875,0.1
96,4,0.0156430872316,0.1
96,4,0.0151481762298,0.1
96,4,0.0152088559207,0.1
96,4,0.0159374083185,0.1
96,4,0.0155547971106,0.1
96,4,0.0156140525962,0.1
96,4,0.0151389718452,0.1
96,4,0.0155413910221,0.1
96,4,0.015509154116,0.1
96,4,0.0157707449222,0.1
96,4,0.0164672326464,0.1
96,4,0.0156284830187,0.1
96,4,0.0154090440713,0.1
96,4,0.0157042039572,0.1
96,4,0.0151692864546,0.1
96,4,0.0159474496467,0.1
96,4,0.0152350029043,0.1
96,4,0.0149605293539,0.1
96,4,0.0156316505387,0.1
96,4,0.0151446587856,0.1
96,4,0.0152684291837,0.1
96,4,0.0150741314313,0.1
97,4,0.0147607900547,0.1
97,4,0.0149157237901,0.1
97,4,0.0151798059534,0.1
97,4,0.015136150495,0.1
97,4,0.0157697545315,0.1
97,4,0.0157221346843,0.1
97,4,0.014922647338,0.1
97,4,0.0152468655502,0.1
97,4,0.0157582320089,0.1
97,4,0.0159741119723,0.1
97,4,0.0159119980989,0.1
97,4,0.0153737652158,0.1
97,4,0.0147162709914,0.1
97,4,0.0151585370688,0.1
97,4,0.0150446506717,0.1
97,4,0.0155198381095,0.1
97,4,0.0152144729127,0.1
97,4,0.0154554394147,0.1
97,4,0.0155109458629,0.1
97,4,0.0150904196043,0.1
97,4,0.0151776529539,0.1
97,4,0.0155248075939,0.1
97,4,0.0153144448662,0.1
97,4,0.0156550950771,0.1
97,4,0.015556002426,0.1
98,4,0.0157948540058,0.1
98,4,0.0151564723099,0.1
98,4,0.0152569684337,0.1
98,4,0.0153385876884,0.1
98,4,0.0155825024689,0.1
98,4,0.0153476580262,0.1
98,4,0.0157274417226,0.1
98,4,0.0160159712619,0.1
98,4,0.0155913127681,0.1
98,4,0.0156330357342,0.1
98,4,0.0160499764939,0.1
98,4,0.0156483816661,0.1
98,4,0.0154199371781,0.1
98,4,0.0151574170074,0.1
98,4,0.0155560709453,0.1
98,4,0.0153566273976,0.1
98,4,0.0154347033902,0.1
98,4,0.0151863860024,0.1
98,4,0.0149662475286,0.1
98,4,0.0150599499607,0.1
98,4,0.0147284264908,0.1
98,4,0.0152620981636,0.1
98,4,0.0149828019396,0.1
98,4,0.0152524625396,0.1
98,4,0.014641893045,0.1
99,4,0.0155515861098,0.1
99,4,0.0150215769103,0.1
99,4,0.0149618608569,0.1
99,4,0.015218973384,0.1
99,4,0.0151043942717,0.1
99,4,0.0150452438913,0.1
99,4,0.0153128488714,0.1
99,4,0.0156959881759,0.1
99,4,0.0156239883365,0.1
99,4,0.0152445485395,0.1
99,4,0.0150390927508,0.1
99,4,0.0155562923132,0.1
99,4,0.0153969170742,0.1
99,4,0.0152561941244,0.1
99,4,0.0151475550676,0.1
99,4,0.0153861027131,0.1
99,4,0.0153419001789,0.1
99,4,0.0152665914625,0.1
99,4,0.0148953682592,0.1
99,4,0.0150848804168,0.1
99,4,0.0151346091385,0.1
99,4,0.015160705509,0.1
99,4,0.0150393577146,0.1
99,4,0.0154303004441,0.1
99,4,0.0146679584281,0.1
100,4,0.0149501839607,0.1
100,4,0.014940288044,0.1
100,4,0.0152065222284,0.1
100,4,0.0153251640788,0.1
100,4,0.0149560390109,0.1
100,4,0.0150381780391,0.1
100,4,0.014600617305,0.1
100,4,0.0150320083538,0.1
100,4,0.0150975078693,0.1
100,4,0.0152167403948,0.1
100,4,0.0148547193037,0.1
100,4,0.0151288767756,0.1
100,4,0.0175803751978,0.1
100,4,0.0161507996816,0.1
100,4,0.0157708780805,0.1
100,4,0.015660231591,0.1
100,4,0.0158653785618,0.1
100,4,0.0152957246602,0.1
100,4,0.0152687865421,0.1
100,4,0.0150294211527,0.1
100,4,0.015285201025,0.1
100,4,0.0150389406166,0.1
100,4,0.0152040022585,0.1
100,4,0.0153363905792,0.1
100,4,0.0141965350539,0.1
